Date,Open,High,Low,Close,Volume
2020-01-02,75.09,75.09,75.09,75.09,135650000.0
2020-01-03,74.36,74.36,74.36,74.36,146540000.0
2020-01-06,74.95,74.95,74.95,74.95,118580000.0
2020-01-07,74.6,74.6,74.6,74.6,111510000.0
2020-01-08,75.8,75.8,75.8,75.8,132360000.0
2020-01-09,77.41,77.41,77.41,77.41,170490000.0
2020-01-10,77.58,77.58,77.58,77.58,140870000.0
2020-01-13,79.24,79.24,79.24,79.24,122090000.0
2020-01-14,78.17,78.17,78.17,78.17,162610000.0
2020-01-15,77.83,77.83,77.83,77.83,121920000.0
2020-01-16,78.81,78.81,78.81,78.81,108830000.0
2020-01-17,79.68,79.68,79.68,79.68,137820000.0
2020-01-21,79.14,79.14,79.14,79.14,110840000.0
2020-01-22,79.42,79.42,79.42,79.42,101830000.0
2020-01-23,79.81,79.81,79.81,79.81,104470000.0
2020-01-24,79.58,79.58,79.58,79.58,146540000.0
2020-01-27,77.24,77.24,77.24,77.24,161940000.0
2020-01-28,79.42,79.42,79.42,79.42,162230000.0
2020-01-29,81.08,81.08,81.08,81.08,216600000.0
2020-01-30,80.97,80.97,80.97,80.97,126740000.0
2020-01-31,77.38,77.38,77.38,77.38,199590000.0
2020-02-03,77.17,77.17,77.17,77.17,173990000.0
2020-02-04,79.71,79.71,79.71,79.71,136620000.0
2020-02-05,80.36,80.36,80.36,80.36,118830000.0
2020-02-06,81.3,81.3,81.3,81.3,105430000.0
2020-02-07,80.01,80.01,80.01,80.01,117680000.0
2020-02-10,80.39,80.39,80.39,80.39,109350000.0
2020-02-11,79.9,79.9,79.9,79.9,94320000.0
2020-02-12,81.8,81.8,81.8,81.8,113730000.0
2020-02-13,81.22,81.22,81.22,81.22,94750000.0
2020-02-14,81.24,81.24,81.24,81.24,80110000.0
2020-02-18,79.75,79.75,79.75,79.75,152760000.0
2020-02-19,80.91,80.91,80.91,80.91,93980000.0
2020-02-20,80.08,80.08,80.08,80.08,100570000.0
2020-02-21,78.26,78.26,78.26,78.26,129710000.0
2020-02-24,74.55,74.55,74.55,74.55,222200000.0
2020-02-25,72.02,72.02,72.02,72.02,230670000.0
2020-02-26,73.16,73.16,73.16,73.16,198710000.0
2020-02-27,68.38,68.38,68.38,68.38,320610000.0
2020-02-28,68.34,68.34,68.34,68.34,426880000.0
2020-03-02,74.7,74.7,74.7,74.7,341400000.0
2020-03-03,72.33,72.33,72.33,72.33,319480000.0
2020-03-04,75.69,75.69,75.69,75.69,219180000.0
2020-03-05,73.23,73.23,73.23,73.23,187570000.0
2020-03-06,72.26,72.26,72.26,72.26,226180000.0
2020-03-09,66.54,66.54,66.54,66.54,286740000.0
2020-03-10,71.33,71.33,71.33,71.33,285290000.0
2020-03-11,68.86,68.86,68.86,68.86,256380000.0
2020-03-12,62.06,62.06,62.06,62.06,418470000.0
2020-03-13,69.49,69.49,69.49,69.49,370730000.0
2020-03-16,60.55,60.55,60.55,60.55,322420000.0
2020-03-17,63.22,63.22,63.22,63.22,324060000.0
2020-03-18,61.67,61.67,61.67,61.67,300230000.0
2020-03-19,61.2,61.2,61.2,61.2,271860000.0
2020-03-20,57.31,57.31,57.31,57.31,401690000.0
2020-03-23,56.09,56.09,56.09,56.09,336750000.0
2020-03-24,61.72,61.72,61.72,61.72,287530000.0
2020-03-25,61.38,61.38,61.38,61.38,303600000.0
2020-03-26,64.61,64.61,64.61,64.61,252560000.0
2020-03-27,61.94,61.94,61.94,61.94,204220000.0
2020-03-30,63.7,63.7,63.7,63.7,167980000.0
2020-03-31,63.57,63.57,63.57,63.57,197000000.0
2020-04-01,60.23,60.23,60.23,60.23,176220000.0
2020-04-02,61.23,61.23,61.23,61.23,165930000.0
2020-04-03,60.35,60.35,60.35,60.35,129880000.0
2020-04-06,65.62,65.62,65.62,65.62,201820000.0
2020-04-07,64.86,64.86,64.86,64.86,202890000.0
2020-04-08,66.52,66.52,66.52,66.52,168900000.0
2020-04-09,67.0,67.0,67.0,67.0,162120000.0
2020-04-13,68.31,68.31,68.31,68.31,131020000.0
2020-04-14,71.76,71.76,71.76,71.76,194990000.0
2020-04-15,71.11,71.11,71.11,71.11,131150000.0
2020-04-16,71.67,71.67,71.67,71.67,157130000.0
2020-04-17,70.7,70.7,70.7,70.7,215250000.0
2020-04-20,69.23,69.23,69.23,69.23,130020000.0
2020-04-21,67.09,67.09,67.09,67.09,180990000.0
2020-04-22,69.03,69.03,69.03,69.03,117060000.0
2020-04-23,68.76,68.76,68.76,68.76,124810000.0
2020-04-24,70.74,70.74,70.74,70.74,126510000.0
2020-04-27,70.79,70.79,70.79,70.79,117090000.0
2020-04-28,69.64,69.64,69.64,69.64,112000000.0
2020-04-29,71.93,71.93,71.93,71.93,137280000.0
2020-04-30,73.45,73.45,73.45,73.45,183060000.0
2020-05-01,72.27,72.27,72.27,72.27,240620000.0
2020-05-04,73.29,73.29,73.29,73.29,133570000.0
2020-05-05,74.39,74.39,74.39,74.39,147750000.0
2020-05-06,75.16,75.16,75.16,75.16,142330000.0
2020-05-07,75.94,75.94,75.94,75.94,115220000.0
2020-05-08,77.53,77.53,77.53,77.53,134050000.0
2020-05-11,78.75,78.75,78.75,78.75,145950000.0
2020-05-12,77.85,77.85,77.85,77.85,162300000.0
2020-05-13,76.91,76.91,76.91,76.91,200620000.0
2020-05-14,77.39,77.39,77.39,77.39,158930000.0
2020-05-15,76.93,76.93,76.93,76.93,166350000.0
2020-05-18,78.74,78.74,78.74,78.74,135370000.0
2020-05-19,78.28,78.28,78.28,78.28,101730000.0
2020-05-20,79.81,79.81,79.81,79.81,111500000.0
2020-05-21,79.21,79.21,79.21,79.21,102690000.0
2020-05-22,79.72,79.72,79.72,79.72,81800000.0
2020-05-27,79.53,79.53,79.53,79.53,112950000.0
2020-05-28,79.56,79.56,79.56,79.56,133800000.0
2020-05-29,79.48,79.48,79.48,79.48,153600000.0
2020-06-01,80.46,80.46,80.46,80.46,81020000.0
2020-06-02,80.83,80.83,80.83,80.83,87640000.0
2020-06-03,81.28,81.28,81.28,81.28,104490000.0
2020-06-04,80.58,80.58,80.58,80.58,87560000.0
2020-06-05,82.88,82.88,82.88,82.88,137250000.0
2020-06-08,83.36,83.36,83.36,83.36,95650000.0
2020-06-09,86.0,86.0,86.0,86.0,147710000.0
2020-06-10,88.21,88.21,88.21,88.21,166650000.0
2020-06-11,83.97,83.97,83.97,83.97,201660000.0
2020-06-12,84.7,84.7,84.7,84.7,200150000.0
2020-06-15,85.75,85.75,85.75,85.75,138810000.0
2020-06-16,88.02,88.02,88.02,88.02,165430000.0
2020-06-17,87.9,87.9,87.9,87.9,114410000.0
2020-06-18,87.93,87.93,87.93,87.93,96820000.0
2020-06-19,87.43,87.43,87.43,87.43,264480000.0
2020-06-22,89.72,89.72,89.72,89.72,135450000.0
2020-06-23,91.63,91.63,91.63,91.63,212160000.0
2020-06-24,90.02,90.02,90.02,90.02,192620000.0
2020-06-25,91.21,91.21,91.21,91.21,137520000.0
2020-06-26,88.41,88.41,88.41,88.41,205260000.0
2020-06-29,90.44,90.44,90.44,90.44,130650000.0
2020-06-30,91.2,91.2,91.2,91.2,140220000.0
2020-07-01,91.03,91.03,91.03,91.03,110740000.0
2020-07-02,91.03,91.03,91.03,91.03,114040000.0
2020-07-07,93.17,93.17,93.17,93.17,112420000.0
2020-07-08,95.34,95.34,95.34,95.34,117090000.0
2020-07-09,95.68,95.68,95.68,95.68,125640000.0
2020-07-10,95.92,95.92,95.92,95.92,90260000.0
2020-07-13,95.48,95.48,95.48,95.48,191650000.0
2020-07-14,97.06,97.06,97.06,97.06,170990000.0
2020-07-15,97.72,97.72,97.72,97.72,153200000.0
2020-07-16,96.52,96.52,96.52,96.52,110580000.0
2020-07-17,96.33,96.33,96.33,96.33,92190000.0
2020-07-20,98.36,98.36,98.36,98.36,90320000.0
2020-07-21,97.0,97.0,97.0,97.0,103650000.0
2020-07-22,97.27,97.27,97.27,97.27,89000000.0
2020-07-23,92.84,92.84,92.84,92.84,197000000.0
2020-07-24,92.61,92.61,92.61,92.61,185440000.0
2020-07-27,94.81,94.81,94.81,94.81,121210000.0
2020-07-28,93.25,93.25,93.25,93.25,103630000.0
2020-07-29,95.04,95.04,95.04,95.04,90330000.0
2020-07-30,96.19,96.19,96.19,96.19,158130000.0
2020-07-31,106.26,106.26,106.26,106.26,374300000.0
2020-08-03,108.94,108.94,108.94,108.94,308150000.0
2020-08-04,109.67,109.67,109.67,109.67,172790000.0
2020-08-05,110.06,110.06,110.06,110.06,121990000.0
2020-08-06,113.9,113.9,113.9,113.9,202430000.0
2020-08-07,111.11,111.11,111.11,111.11,198050000.0
2020-08-10,112.73,112.73,112.73,112.73,212400000.0
2020-08-11,109.38,109.38,109.38,109.38,187900000.0
2020-08-12,113.01,113.01,113.01,113.01,165940000.0
2020-08-13,115.01,115.01,115.01,115.01,210080000.0
2020-08-14,114.91,114.91,114.91,114.91,165570000.0
2020-08-17,114.61,114.61,114.61,114.61,119560000.0
2020-08-18,115.56,115.56,115.56,115.56,105630000.0
2020-08-19,115.71,115.71,115.71,115.71,145540000.0
2020-08-20,118.28,118.28,118.28,118.28,126910000.0
2020-08-21,124.37,124.37,124.37,124.37,338050000.0
2020-08-24,125.86,125.86,125.86,125.86,345940000.0
2020-08-25,124.83,124.83,124.83,124.83,211500000.0
2020-08-26,126.52,126.52,126.52,126.52,163020000.0
2020-08-27,125.01,125.01,125.01,125.01,155550000.0
2020-08-28,124.81,124.81,124.81,124.81,187630000.0
2020-08-31,129.04,129.04,129.04,129.04,225700000.0
2020-09-01,134.18,134.18,134.18,134.18,152470000.0
2020-09-02,131.4,131.4,131.4,131.4,200120000.0
2020-09-03,120.88,120.88,120.88,120.88,257600000.0
2020-09-04,120.96,120.96,120.96,120.96,332610000.0
2020-09-09,117.32,117.32,117.32,117.32,176940000.0
2020-09-10,113.49,113.49,113.49,113.49,182270000.0
2020-09-11,112.0,112.0,112.0,112.0,180860000.0
2020-09-14,115.36,115.36,115.36,115.36,140150000.0
2020-09-15,115.54,115.54,115.54,115.54,184640000.0
2020-09-16,112.13,112.13,112.13,112.13,155030000.0
2020-09-17,110.34,110.34,110.34,110.34,178010000.0
2020-09-18,106.84,106.84,106.84,106.84,287100000.0
2020-09-21,110.08,110.08,110.08,110.08,195710000.0
2020-09-22,111.81,111.81,111.81,111.81,183060000.0
2020-09-23,107.12,107.12,107.12,107.12,150720000.0
2020-09-24,108.22,108.22,108.22,108.22,167740000.0
2020-09-25,112.28,112.28,112.28,112.28,149980000.0
2020-09-28,114.96,114.96,114.96,114.96,137670000.0
2020-09-29,114.09,114.09,114.09,114.09,100060000.0
2020-09-30,115.81,115.81,115.81,115.81,142680000.0
2020-10-01,116.79,116.79,116.79,116.79,116120000.0
2020-10-02,113.02,113.02,113.02,113.02,144710000.0
2020-10-05,116.5,116.5,116.5,116.5,106240000.0
2020-10-06,113.16,113.16,113.16,113.16,161500000.0
2020-10-07,115.08,115.08,115.08,115.08,96850000.0
2020-10-08,114.97,114.97,114.97,114.97,83480000.0
2020-10-09,116.97,116.97,116.97,116.97,100510000.0
2020-10-12,124.4,124.4,124.4,124.4,240230000.0
2020-10-13,121.1,121.1,121.1,121.1,262330000.0
2020-10-14,121.19,121.19,121.19,121.19,151060000.0
2020-10-15,120.71,120.71,120.71,120.71,112560000.0
2020-10-16,119.02,119.02,119.02,119.02,115390000.0
2020-10-19,115.98,115.98,115.98,115.98,120640000.0
2020-10-20,117.51,117.51,117.51,117.51,124420000.0
2020-10-21,116.87,116.87,116.87,116.87,89950000.0
2020-10-22,115.75,115.75,115.75,115.75,101990000.0
2020-10-23,115.04,115.04,115.04,115.04,82570000.0
2020-10-26,115.05,115.05,115.05,115.05,111850000.0
2020-10-27,116.6,116.6,116.6,116.6,92280000.0
2020-10-28,111.2,111.2,111.2,111.2,143940000.0
2020-10-29,115.32,115.32,115.32,115.32,146130000.0
2020-10-30,108.86,108.86,108.86,108.86,190570000.0
2020-11-02,108.77,108.77,108.77,108.77,122870000.0
2020-11-03,110.44,110.44,110.44,110.44,107620000.0
2020-11-04,114.95,114.95,114.95,114.95,138240000.0
2020-11-05,119.03,119.03,119.03,119.03,126390000.0
2020-11-06,118.69,118.69,118.69,118.69,114460000.0
2020-11-09,116.32,116.32,116.32,116.32,154520000.0
2020-11-10,115.97,115.97,115.97,115.97,138020000.0
2020-11-11,119.49,119.49,119.49,119.49,112300000.0
2020-11-12,119.21,119.21,119.21,119.21,103350000.0
2020-11-13,119.26,119.26,119.26,119.26,81690000.0
2020-11-16,120.3,120.3,120.3,120.3,91180000.0
2020-11-17,119.39,119.39,119.39,119.39,74270000.0
2020-11-18,118.03,118.03,118.03,118.03,76320000.0
2020-11-19,118.64,118.64,118.64,118.64,74110000.0
2020-11-20,117.34,117.34,117.34,117.34,73600000.0
2020-11-23,113.85,113.85,113.85,113.85,127960000.0
2020-11-24,115.17,115.17,115.17,115.17,113870000.0
2020-11-25,116.03,116.03,116.03,116.03,76500000.0
2020-11-30,119.05,119.05,119.05,119.05,169410000.0
2020-12-01,122.72,122.72,122.72,122.72,128170000.0
2020-12-02,123.08,123.08,123.08,123.08,89000000.0
2020-12-03,122.94,122.94,122.94,122.94,78970000.0
2020-12-04,122.25,122.25,122.25,122.25,78260000.0
2020-12-07,123.75,123.75,123.75,123.75,86710000.0
2020-12-08,124.38,124.38,124.38,124.38,82230000.0
2020-12-09,121.78,121.78,121.78,121.78,115090000.0
2020-12-10,123.24,123.24,123.24,123.24,81310000.0
2020-12-11,122.41,122.41,122.41,122.41,86940000.0
2020-12-14,121.78,121.78,121.78,121.78,79080000.0
2020-12-15,127.88,127.88,127.88,127.88,157570000.0
2020-12-16,127.81,127.81,127.81,127.81,98210000.0
2020-12-17,128.7,128.7,128.7,128.7,94360000.0
2020-12-18,126.65,126.65,126.65,126.65,192540000.0
2020-12-21,128.23,128.23,128.23,128.23,121250000.0
2020-12-22,131.88,131.88,131.88,131.88,169350000.0
2020-12-23,130.96,130.96,130.96,130.96,88220000.0
2020-12-24,131.97,131.97,131.97,131.97,54930000.0
2020-12-28,136.69,136.69,136.69,136.69,124490000.0
2020-12-29,134.87,134.87,134.87,134.87,121050000.0
2020-12-30,133.72,133.72,133.72,133.72,96450000.0
2020-12-31,132.69,132.69,132.69,132.69,99120000.0
2021-01-04,129.41,129.41,129.41,129.41,143300000.0
2021-01-05,131.01,131.01,131.01,131.01,97670000.0
2021-01-06,126.6,126.6,126.6,126.6,155090000.0
2021-01-07,130.92,130.92,130.92,130.92,109580000.0
2021-01-08,132.05,132.05,132.05,132.05,105160000.0
2021-01-11,128.98,128.98,128.98,128.98,100620000.0
2021-01-12,128.8,128.8,128.8,128.8,91950000.0
2021-01-13,130.89,130.89,130.89,130.89,88640000.0
2021-01-14,128.91,128.91,128.91,128.91,90220000.0
2021-01-15,127.14,127.14,127.14,127.14,111600000.0
2021-01-20,132.03,132.03,132.03,132.03,104320000.0
2021-01-21,136.87,136.87,136.87,136.87,120530000.0
2021-01-22,139.07,139.07,139.07,139.07,114460000.0
2021-01-25,142.92,142.92,142.92,142.92,157610000.0
2021-01-26,143.16,143.16,143.16,143.16,98390000.0
2021-01-27,142.06,142.06,142.06,142.06,140840000.0
2021-01-28,137.09,137.09,137.09,137.09,142620000.0
2021-01-29,131.96,131.96,131.96,131.96,177520000.0
2021-02-01,134.14,134.14,134.14,134.14,106240000.0
2021-02-02,134.99,134.99,134.99,134.99,83310000.0
2021-02-03,133.94,133.94,133.94,133.94,89880000.0
2021-02-04,137.39,137.39,137.39,137.39,84180000.0
2021-02-05,136.76,136.76,136.76,136.76,75690000.0
2021-02-08,136.91,136.91,136.91,136.91,71300000.0
2021-02-09,136.01,136.01,136.01,136.01,76770000.0
2021-02-10,135.39,135.39,135.39,135.39,73050000.0
2021-02-11,135.13,135.13,135.13,135.13,64280000.0
2021-02-12,135.37,135.37,135.37,135.37,60150000.0
2021-02-17,130.84,130.84,130.84,130.84,98090000.0
2021-02-18,129.71,129.71,129.71,129.71,96860000.0
2021-02-19,129.87,129.87,129.87,129.87,87670000.0
2021-02-22,126.0,126.0,126.0,126.0,103920000.0
2021-02-23,125.86,125.86,125.86,125.86,158270000.0
2021-02-24,125.35,125.35,125.35,125.35,111040000.0
2021-02-25,120.99,120.99,120.99,120.99,148200000.0
2021-02-26,121.26,121.26,121.26,121.26,164560000.0
2021-03-01,127.79,127.79,127.79,127.79,116310000.0
2021-03-02,125.12,125.12,125.12,125.12,102260000.0
2021-03-03,122.06,122.06,122.06,122.06,112970000.0
2021-03-04,120.13,120.13,120.13,120.13,178160000.0
2021-03-05,121.42,121.42,121.42,121.42,153770000.0
2021-03-08,116.36,116.36,116.36,116.36,154380000.0
2021-03-09,121.08,121.08,121.08,121.08,129530000.0
2021-03-10,119.98,119.98,119.98,119.98,111940000.0
2021-03-11,121.96,121.96,121.96,121.96,103030000.0
2021-03-12,121.03,121.03,121.03,121.03,88110000.0
2021-03-15,123.99,123.99,123.99,123.99,92590000.0
2021-03-16,125.57,125.57,125.57,125.57,115230000.0
2021-03-17,124.76,124.76,124.76,124.76,111930000.0
2021-03-18,120.53,120.53,120.53,120.53,121470000.0
2021-03-19,119.99,119.99,119.99,119.99,185550000.0
2021-03-22,123.39,123.39,123.39,123.39,111910000.0
2021-03-23,122.54,122.54,122.54,122.54,95470000.0
2021-03-24,120.09,120.09,120.09,120.09,88530000.0
2021-03-25,120.59,120.59,120.59,120.59,98850000.0
2021-03-26,121.21,121.21,121.21,121.21,94070000.0
2021-03-29,121.39,121.39,121.39,121.39,80820000.0
2021-03-30,119.9,119.9,119.9,119.9,85670000.0
2021-03-31,122.15,122.15,122.15,122.15,118320000.0
2021-04-01,123.0,123.0,123.0,123.0,75090000.0
2021-04-05,125.9,125.9,125.9,125.9,88650000.0
2021-04-06,126.21,126.21,126.21,126.21,80170000.0
2021-04-07,127.9,127.9,127.9,127.9,83470000.0
2021-04-08,130.36,130.36,130.36,130.36,88850000.0
2021-04-09,132.99,132.99,132.99,132.99,106690000.0
2021-04-12,131.24,131.24,131.24,131.24,91420000.0
2021-04-13,134.43,134.43,134.43,134.43,91270000.0
2021-04-14,132.03,132.03,132.03,132.03,87220000.0
2021-04-15,134.5,134.5,134.5,134.5,89350000.0
2021-04-16,134.16,134.16,134.16,134.16,84920000.0
2021-04-19,134.84,134.84,134.84,134.84,94260000.0
2021-04-20,133.11,133.11,133.11,133.11,94810000.0
2021-04-21,133.5,133.5,133.5,133.5,68850000.0
2021-04-22,131.94,131.94,131.94,131.94,84570000.0
2021-04-23,134.32,134.32,134.32,134.32,78760000.0
2021-04-26,134.72,134.72,134.72,134.72,66910000.0
2021-04-27,134.39,134.39,134.39,134.39,66020000.0
2021-04-28,133.58,133.58,133.58,133.58,107760000.0
2021-04-29,133.48,133.48,133.48,133.48,151100000.0
2021-04-30,131.46,131.46,131.46,131.46,109840000.0
2021-05-03,132.54,132.54,132.54,132.54,75140000.0
2021-05-04,127.85,127.85,127.85,127.85,137560000.0
2021-05-05,128.1,128.1,128.1,128.1,84000000.0
2021-05-06,129.74,129.74,129.74,129.74,78130000.0
2021-05-07,130.21,130.21,130.21,130.21,78970000.0
2021-05-10,126.85,126.85,126.85,126.85,88070000.0
2021-05-11,125.91,125.91,125.91,125.91,126140000.0
2021-05-12,122.77,122.77,122.77,122.77,112170000.0
2021-05-13,124.97,124.97,124.97,124.97,105860000.0
2021-05-14,127.45,127.45,127.45,127.45,81920000.0
2021-05-17,126.27,126.27,126.27,126.27,74250000.0
2021-05-18,124.85,124.85,124.85,124.85,63340000.0
2021-05-19,124.69,124.69,124.69,124.69,92610000.0
2021-05-20,127.31,127.31,127.31,127.31,76860000.0
2021-05-21,125.43,125.43,125.43,125.43,79300000.0
2021-05-24,127.1,127.1,127.1,127.1,63090000.0
2021-05-25,126.9,126.9,126.9,126.9,72010000.0
2021-05-26,126.85,126.85,126.85,126.85,56580000.0
2021-05-27,125.28,125.28,125.28,125.28,94630000.0
2021-05-28,124.61,124.61,124.61,124.61,71310000.0
2021-06-02,125.06,125.06,125.06,125.06,59280000.0
2021-06-03,123.54,123.54,123.54,123.54,76230000.0
2021-06-04,125.89,125.89,125.89,125.89,75170000.0
2021-06-07,125.9,125.9,125.9,125.9,71060000.0
2021-06-08,126.74,126.74,126.74,126.74,74400000.0
2021-06-09,127.13,127.13,127.13,127.13,56880000.0
2021-06-10,126.11,126.11,126.11,126.11,71190000.0
2021-06-11,127.35,127.35,127.35,127.35,53520000.0
2021-06-14,130.48,130.48,130.48,130.48,96910000.0
2021-06-15,129.64,129.64,129.64,129.64,62750000.0
2021-06-16,130.15,130.15,130.15,130.15,91820000.0
2021-06-17,131.79,131.79,131.79,131.79,96720000.0
2021-06-18,130.46,130.46,130.46,130.46,108950000.0
2021-06-21,132.3,132.3,132.3,132.3,79660000.0
2021-06-22,133.98,133.98,133.98,133.98,74780000.0
2021-06-23,133.7,133.7,133.7,133.7,60210000.0
2021-06-24,133.41,133.41,133.41,133.41,68710000.0
2021-06-25,133.11,133.11,133.11,133.11,70780000.0
2021-06-28,134.78,134.78,134.78,134.78,62110000.0
2021-06-29,136.33,136.33,136.33,136.33,64560000.0
2021-06-30,136.96,136.96,136.96,136.96,63260000.0
2021-07-01,137.27,137.27,137.27,137.27,52490000.0
2021-07-02,139.96,139.96,139.96,139.96,78950000.0
2021-07-07,144.57,144.57,144.57,144.57,104910000.0
2021-07-08,143.24,143.24,143.24,143.24,105580000.0
2021-07-09,145.11,145.11,145.11,145.11,99890000.0
2021-07-12,144.5,144.5,144.5,144.5,76300000.0
2021-07-13,145.64,145.64,145.64,145.64,100830000.0
2021-07-14,149.15,149.15,149.15,149.15,127050000.0
2021-07-15,148.48,148.48,148.48,148.48,106820000.0
2021-07-16,146.39,146.39,146.39,146.39,93250000.0
2021-07-19,142.45,142.45,142.45,142.45,121440000.0
2021-07-20,146.15,146.15,146.15,146.15,96350000.0
2021-07-21,145.4,145.4,145.4,145.4,74990000.0
2021-07-22,146.8,146.8,146.8,146.8,77340000.0
2021-07-23,148.56,148.56,148.56,148.56,71450000.0
2021-07-26,148.99,148.99,148.99,148.99,72430000.0
2021-07-27,146.77,146.77,146.77,146.77,104820000.0
2021-07-28,144.98,144.98,144.98,144.98,118930000.0
2021-07-29,145.64,145.64,145.64,145.64,56700000.0
2021-07-30,145.86,145.86,145.86,145.86,70440000.0
2021-08-02,145.52,145.52,145.52,145.52,62880000.0
2021-08-03,147.36,147.36,147.36,147.36,64790000.0
2021-08-04,146.95,146.95,146.95,146.95,56370000.0
2021-08-05,147.06,147.06,147.06,147.06,46400000.0
2021-08-06,146.14,146.14,146.14,146.14,54130000.0
2021-08-09,146.09,146.09,146.09,146.09,48910000.0
2021-08-10,145.6,145.6,145.6,145.6,69020000.0
2021-08-11,145.86,145.86,145.86,145.86,48490000.0
2021-08-12,148.89,148.89,148.89,148.89,73780000.0
2021-08-13,149.1,149.1,149.1,149.1,59380000.0
2021-08-16,151.12,151.12,151.12,151.12,103560000.0
2021-08-17,150.19,150.19,150.19,150.19,92230000.0
2021-08-18,146.36,146.36,146.36,146.36,86330000.0
2021-08-19,146.7,146.7,146.7,146.7,86960000.0
2021-08-20,148.19,148.19,148.19,148.19,60550000.0
2021-08-23,149.71,149.71,149.71,149.71,60130000.0
2021-08-24,149.62,149.62,149.62,149.62,48610000.0
2021-08-25,148.36,148.36,148.36,148.36,58990000.0
2021-08-26,147.54,147.54,147.54,147.54,48600000.0
2021-08-27,148.6,148.6,148.6,148.6,55800000.0
2021-08-30,153.12,153.12,153.12,153.12,90960000.0
2021-08-31,151.83,151.83,151.83,151.83,86450000.0
2021-09-01,152.51,152.51,152.51,152.51,80310000.0
2021-09-02,153.65,153.65,153.65,153.65,71170000.0
2021-09-03,154.3,154.3,154.3,154.3,57870000.0
2021-09-08,155.11,155.11,155.11,155.11,74420000.0
2021-09-09,154.07,154.07,154.07,154.07,57310000.0
2021-09-10,148.97,148.97,148.97,148.97,140890000.0
2021-09-13,149.55,149.55,149.55,149.55,102400000.0
2021-09-14,148.12,148.12,148.12,148.12,109300000.0
2021-09-15,149.03,149.03,149.03,149.03,83280000.0
2021-09-16,148.79,148.79,148.79,148.79,68030000.0
2021-09-17,146.06,146.06,146.06,146.06,129870000.0
2021-09-20,142.94,142.94,142.94,142.94,123480000.0
2021-09-21,143.43,143.43,143.43,143.43,75830000.0
2021-09-22,145.85,145.85,145.85,145.85,76400000.0
2021-09-23,146.83,146.83,146.83,146.83,64840000.0
2021-09-24,146.92,146.92,146.92,146.92,53480000.0
2021-09-27,145.37,145.37,145.37,145.37,74150000.0
2021-09-28,141.91,141.91,141.91,141.91,108970000.0
2021-09-29,142.83,142.83,142.83,142.83,74600000.0
2021-09-30,141.5,141.5,141.5,141.5,89060000.0
2021-10-01,142.65,142.65,142.65,142.65,94640000.0
2021-10-04,139.14,139.14,139.14,139.14,98320000.0
2021-10-05,141.11,141.11,141.11,141.11,80860000.0
2021-10-06,142.0,142.0,142.0,142.0,83220000.0
2021-10-07,143.29,143.29,143.29,143.29,61730000.0
2021-10-08,142.9,142.9,142.9,142.9,58770000.0
2021-10-11,142.81,142.81,142.81,142.81,64450000.0
2021-10-12,141.51,141.51,141.51,141.51,73040000.0
2021-10-13,140.91,140.91,140.91,140.91,78760000.0
2021-10-14,143.76,143.76,143.76,143.76,69910000.0
2021-10-15,144.84,144.84,144.84,144.84,67940000.0
2021-10-18,146.55,146.55,146.55,146.55,85590000.0
2021-10-19,148.76,148.76,148.76,148.76,76380000.0
2021-10-20,149.26,149.26,149.26,149.26,58420000.0
2021-10-21,149.48,149.48,149.48,149.48,61420000.0
2021-10-22,148.69,148.69,148.69,148.69,58880000.0
2021-10-25,148.64,148.64,148.64,148.64,50720000.0
2021-10-26,149.32,149.32,149.32,149.32,60890000.0
2021-10-27,148.85,148.85,148.85,148.85,56100000.0
2021-10-28,152.57,152.57,152.57,152.57,100080000.0
2021-10-29,149.8,149.8,149.8,149.8,124950000.0
2021-11-01,148.96,148.96,148.96,148.96,74590000.0
2021-11-02,150.02,150.02,150.02,150.02,69120000.0
2021-11-03,151.49,151.49,151.49,151.49,54510000.0
2021-11-04,150.96,150.96,150.96,150.96,60400000.0
2021-11-05,151.28,151.28,151.28,151.28,65460000.0
2021-11-08,150.44,150.44,150.44,150.44,55020000.0
2021-11-09,150.81,150.81,150.81,150.81,56790000.0
2021-11-10,147.92,147.92,147.92,147.92,65190000.0
2021-11-11,147.87,147.87,147.87,147.87,41000000.0
2021-11-12,149.99,149.99,149.99,149.99,63800000.0
2021-11-15,150.0,150.0,150.0,150.0,59220000.0
2021-11-16,151.0,151.0,151.0,151.0,59260000.0
2021-11-17,153.49,153.49,153.49,153.49,88810000.0
2021-11-18,157.87,157.87,157.87,157.87,137830000.0
2021-11-19,160.55,160.55,160.55,160.55,117310000.0
2021-11-22,161.02,161.02,161.02,161.02,117470000.0
2021-11-23,161.41,161.41,161.41,161.41,96040000.0
2021-11-24,161.94,161.94,161.94,161.94,69460000.0
2021-11-29,160.24,160.24,160.24,160.24,88750000.0
2021-11-30,165.3,165.3,165.3,165.3,174050000.0
2021-12-01,164.77,164.77,164.77,164.77,152420000.0
2021-12-02,163.76,163.76,163.76,163.76,136740000.0
2021-12-03,161.84,161.84,161.84,161.84,118020000.0
2021-12-06,165.32,165.32,165.32,165.32,107500000.0
2021-12-07,171.18,171.18,171.18,171.18,120410000.0
2021-12-08,175.08,175.08,175.08,175.08,117000000.0
2021-12-09,174.56,174.56,174.56,174.56,108920000.0
2021-12-10,179.45,179.45,179.45,179.45,115400000.0
2021-12-13,175.74,175.74,175.74,175.74,153240000.0
2021-12-14,174.33,174.33,174.33,174.33,139380000.0
2021-12-15,179.3,179.3,179.3,179.3,131060000.0
2021-12-16,172.26,172.26,172.26,172.26,150190000.0
2021-12-17,171.14,171.14,171.14,171.14,195920000.0
2021-12-20,169.75,169.75,169.75,169.75,107500000.0
2021-12-21,172.99,172.99,172.99,172.99,91190000.0
2021-12-22,175.64,175.64,175.64,175.64,92140000.0
2021-12-23,176.28,176.28,176.28,176.28,68360000.0
2021-12-27,180.33,180.33,180.33,180.33,74920000.0
2021-12-28,179.29,179.29,179.29,179.29,79140000.0
2021-12-29,179.38,179.38,179.38,179.38,62350000.0
2021-12-30,178.2,178.2,178.2,178.2,59770000.0
2021-12-31,177.57,177.57,177.57,177.57,64060000.0
2022-01-03,182.01,182.01,182.01,182.01,104700000.0
2022-01-04,179.7,179.7,179.7,179.7,99310000.0
2022-01-05,174.92,174.92,174.92,174.92,94540000.0
2022-01-06,172.0,172.0,172.0,172.0,96900000.0
2022-01-07,172.17,172.17,172.17,172.17,86710000.0
2022-01-10,172.19,172.19,172.19,172.19,106770000.0
2022-01-11,175.08,175.08,175.08,175.08,76140000.0
2022-01-12,175.53,175.53,175.53,175.53,74810000.0
2022-01-13,172.19,172.19,172.19,172.19,84510000.0
2022-01-14,173.07,173.07,173.07,173.07,80440000.0
2022-01-19,166.23,166.23,166.23,166.23,94820000.0
2022-01-20,164.51,164.51,164.51,164.51,91420000.0
2022-01-21,162.41,162.41,162.41,162.41,122850000.0
2022-01-24,161.62,161.62,161.62,161.62,162710000.0
2022-01-25,159.78,159.78,159.78,159.78,115800000.0
2022-01-26,159.69,159.69,159.69,159.69,108280000.0
2022-01-27,159.22,159.22,159.22,159.22,121960000.0
2022-01-28,170.33,170.33,170.33,170.33,179940000.0
2022-01-31,174.78,174.78,174.78,174.78,115540000.0
2022-02-01,174.61,174.61,174.61,174.61,86210000.0
2022-02-02,175.84,175.84,175.84,175.84,84910000.0
2022-02-03,172.9,172.9,172.9,172.9,89420000.0
2022-02-04,172.39,172.39,172.39,172.39,82470000.0
2022-02-07,171.66,171.66,171.66,171.66,77250000.0
2022-02-08,174.83,174.83,174.83,174.83,74830000.0
2022-02-09,176.28,176.28,176.28,176.28,71290000.0
2022-02-10,172.12,172.12,172.12,172.12,90870000.0
2022-02-11,168.64,168.64,168.64,168.64,98670000.0
2022-02-14,168.88,168.88,168.88,168.88,86190000.0
2022-02-15,172.79,172.79,172.79,172.79,64290000.0
2022-02-16,172.55,172.55,172.55,172.55,61180000.0
2022-02-17,168.88,168.88,168.88,168.88,69590000.0
2022-02-18,167.3,167.3,167.3,167.3,82770000.0
2022-02-23,160.07,160.07,160.07,160.07,90010000.0
2022-02-24,162.74,162.74,162.74,162.74,141150000.0
2022-02-25,164.85,164.85,164.85,164.85,91970000.0
2022-02-28,165.12,165.12,165.12,165.12,95060000.0
2022-03-01,163.2,163.2,163.2,163.2,83470000.0
2022-03-02,166.56,166.56,166.56,166.56,79730000.0
2022-03-03,166.23,166.23,166.23,166.23,76680000.0
2022-03-04,163.17,163.17,163.17,163.17,83820000.0
2022-03-07,159.3,159.3,159.3,159.3,96420000.0
2022-03-08,157.44,157.44,157.44,157.44,131150000.0
2022-03-09,162.95,162.95,162.95,162.95,91460000.0
2022-03-10,158.52,158.52,158.52,158.52,105340000.0
2022-03-11,154.73,154.73,154.73,154.73,96970000.0
2022-03-14,150.62,150.62,150.62,150.62,108730000.0
2022-03-15,155.09,155.09,155.09,155.09,92960000.0
2022-03-16,159.59,159.59,159.59,159.59,102300000.0
2022-03-17,160.62,160.62,160.62,160.62,75620000.0
2022-03-18,163.98,163.98,163.98,163.98,123510000.0
2022-03-21,165.38,165.38,165.38,165.38,95810000.0
2022-03-22,168.82,168.82,168.82,168.82,81530000.0
2022-03-23,170.21,170.21,170.21,170.21,98060000.0
2022-03-24,174.07,174.07,174.07,174.07,90130000.0
2022-03-25,174.72,174.72,174.72,174.72,80550000.0
2022-03-28,175.6,175.6,175.6,175.6,90370000.0
2022-03-29,178.96,178.96,178.96,178.96,100590000.0
2022-03-30,177.77,177.77,177.77,177.77,92630000.0
2022-03-31,174.61,174.61,174.61,174.61,103050000.0
2022-04-01,174.31,174.31,174.31,174.31,78750000.0
2022-04-04,178.44,178.44,178.44,178.44,76550000.0
2022-04-05,175.06,175.06,175.06,175.06,73400000.0
2022-04-06,171.83,171.83,171.83,171.83,89060000.0
2022-04-07,172.14,172.14,172.14,172.14,77600000.0
2022-04-08,170.09,170.09,170.09,170.09,76580000.0
2022-04-11,165.75,165.75,165.75,165.75,72250000.0
2022-04-12,167.66,167.66,167.66,167.66,79270000.0
2022-04-13,170.4,170.4,170.4,170.4,70620000.0
2022-04-14,165.29,165.29,165.29,165.29,75330000.0
2022-04-18,165.07,165.07,165.07,165.07,69020000.0
2022-04-19,167.4,167.4,167.4,167.4,67720000.0
2022-04-20,167.23,167.23,167.23,167.23,67930000.0
2022-04-21,166.42,166.42,166.42,166.42,87230000.0
2022-04-22,161.79,161.79,161.79,161.79,84880000.0
2022-04-25,162.88,162.88,162.88,162.88,96050000.0
2022-04-26,156.8,156.8,156.8,156.8,95620000.0
2022-04-27,156.57,156.57,156.57,156.57,88060000.0
2022-04-28,163.64,163.64,163.64,163.64,130220000.0
2022-04-29,157.65,157.65,157.65,157.65,131750000.0
2022-05-02,157.96,157.96,157.96,157.96,123060000.0
2022-05-03,159.48,159.48,159.48,159.48,88970000.0
2022-05-04,166.02,166.02,166.02,166.02,108260000.0
2022-05-05,156.77,156.77,156.77,156.77,130530000.0
2022-05-06,157.28,157.28,157.28,157.28,116130000.0
2022-05-09,152.06,152.06,152.06,152.06,131580000.0
2022-05-10,154.51,154.51,154.51,154.51,115370000.0
2022-05-11,146.5,146.5,146.5,146.5,142690000.0
2022-05-12,142.56,142.56,142.56,142.56,182600000.0
2022-05-13,147.11,147.11,147.11,147.11,113990000.0
2022-05-16,145.54,145.54,145.54,145.54,86640000.0
2022-05-17,149.24,149.24,149.24,149.24,78340000.0
2022-05-18,140.82,140.82,140.82,140.82,109740000.0
2022-05-19,137.35,137.35,137.35,137.35,136100000.0
2022-05-20,137.59,137.59,137.59,137.59,137430000.0
2022-05-23,143.11,143.11,143.11,143.11,117730000.0
2022-05-24,140.36,140.36,140.36,140.36,104130000.0
2022-05-25,140.52,140.52,140.52,140.52,92480000.0
2022-05-26,143.78,143.78,143.78,143.78,90600000.0
2022-05-27,149.64,149.64,149.64,149.64,90980000.0
2022-06-01,148.71,148.71,148.71,148.71,74290000.0
2022-06-02,151.21,151.21,151.21,151.21,72350000.0
2022-06-03,145.38,145.38,145.38,145.38,88570000.0
2022-06-06,146.14,146.14,146.14,146.14,71600000.0
2022-06-07,148.71,148.71,148.71,148.71,67810000.0
2022-06-08,147.96,147.96,147.96,147.96,53950000.0
2022-06-09,142.64,142.64,142.64,142.64,69470000.0
2022-06-10,137.13,137.13,137.13,137.13,91570000.0
2022-06-13,131.88,131.88,131.88,131.88,122210000.0
2022-06-14,132.76,132.76,132.76,132.76,84780000.0
2022-06-15,135.43,135.43,135.43,135.43,91530000.0
2022-06-16,130.06,130.06,130.06,130.06,107960000.0
2022-06-17,131.56,131.56,131.56,131.56,134520000.0
2022-06-22,135.35,135.35,135.35,135.35,73410000.0
2022-06-23,138.27,138.27,138.27,138.27,72430000.0
2022-06-24,141.66,141.66,141.66,141.66,89120000.0
2022-06-27,141.66,141.66,141.66,141.66,70210000.0
2022-06-28,137.44,137.44,137.44,137.44,67320000.0
2022-06-29,139.23,139.23,139.23,139.23,66240000.0
2022-06-30,136.72,136.72,136.72,136.72,98960000.0
2022-07-01,138.93,138.93,138.93,138.93,71050000.0
2022-07-06,142.92,142.92,142.92,142.92,74060000.0
2022-07-07,146.35,146.35,146.35,146.35,66250000.0
2022-07-08,147.04,147.04,147.04,147.04,64550000.0
2022-07-11,144.87,144.87,144.87,144.87,63310000.0
2022-07-12,145.86,145.86,145.86,145.86,77590000.0
2022-07-13,145.49,145.49,145.49,145.49,71190000.0
2022-07-14,148.47,148.47,148.47,148.47,78140000.0
2022-07-15,150.17,150.17,150.17,150.17,76260000.0
2022-07-18,147.07,147.07,147.07,147.07,81420000.0
2022-07-19,151.0,151.0,151.0,151.0,82980000.0
2022-07-20,153.04,153.04,153.04,153.04,64820000.0
2022-07-21,155.35,155.35,155.35,155.35,65090000.0
2022-07-22,154.09,154.09,154.09,154.09,66680000.0
2022-07-25,152.95,152.95,152.95,152.95,53620000.0
2022-07-26,151.6,151.6,151.6,151.6,55140000.0
2022-07-27,156.79,156.79,156.79,156.79,78620000.0
2022-07-28,157.35,157.35,157.35,157.35,81380000.0
2022-07-29,162.51,162.51,162.51,162.51,101790000.0
2022-08-01,161.51,161.51,161.51,161.51,67830000.0
2022-08-02,160.01,160.01,160.01,160.01,59910000.0
2022-08-03,166.13,166.13,166.13,166.13,82510000.0
2022-08-04,165.81,165.81,165.81,165.81,55470000.0
2022-08-05,165.35,165.35,165.35,165.35,56700000.0
2022-08-08,164.87,164.87,164.87,164.87,60360000.0
2022-08-09,164.92,164.92,164.92,164.92,63140000.0
2022-08-10,169.24,169.24,169.24,169.24,70170000.0
2022-08-11,168.49,168.49,168.49,168.49,57150000.0
2022-08-12,172.1,172.1,172.1,172.1,68040000.0
2022-08-15,173.19,173.19,173.19,173.19,54090000.0
2022-08-16,173.03,173.03,173.03,173.03,56380000.0
2022-08-17,174.55,174.55,174.55,174.55,79540000.0
2022-08-18,174.15,174.15,174.15,174.15,62290000.0
2022-08-19,171.52,171.52,171.52,171.52,70350000.0
2022-08-22,167.57,167.57,167.57,167.57,69030000.0
2022-08-23,167.23,167.23,167.23,167.23,54150000.0
2022-08-24,167.53,167.53,167.53,167.53,53840000.0
2022-08-25,170.03,170.03,170.03,170.03,51220000.0
2022-08-26,163.62,163.62,163.62,163.62,78960000.0
2022-08-29,161.38,161.38,161.38,161.38,73310000.0
2022-08-30,158.91,158.91,158.91,158.91,77910000.0
2022-08-31,157.22,157.22,157.22,157.22,87990000.0
2022-09-01,157.96,157.96,157.96,157.96,74230000.0
2022-09-02,155.81,155.81,155.81,155.81,76960000.0
2022-09-07,155.96,155.96,155.96,155.96,87450000.0
2022-09-08,154.46,154.46,154.46,154.46,84920000.0
2022-09-09,157.37,157.37,157.37,157.37,68080000.0
2022-09-12,163.43,163.43,163.43,163.43,104960000.0
2022-09-13,153.84,153.84,153.84,153.84,122660000.0
2022-09-14,155.31,155.31,155.31,155.31,87970000.0
2022-09-15,152.37,152.37,152.37,152.37,90480000.0
2022-09-16,150.7,150.7,150.7,150.7,162280000.0
2022-09-19,154.48,154.48,154.48,154.48,81470000.0
2022-09-20,156.9,156.9,156.9,156.9,107690000.0
2022-09-21,153.72,153.72,153.72,153.72,101700000.0
2022-09-22,152.74,152.74,152.74,152.74,86650000.0
2022-09-23,150.43,150.43,150.43,150.43,96030000.0
2022-09-26,150.77,150.77,150.77,150.77,93340000.0
2022-09-27,151.76,151.76,151.76,151.76,84440000.0
2022-09-28,149.84,149.84,149.84,149.84,146690000.0
2022-09-29,142.48,142.48,142.48,142.48,128140000.0
2022-09-30,138.2,138.2,138.2,138.2,124930000.0
2022-10-03,142.45,142.45,142.45,142.45,114310000.0
2022-10-04,146.1,146.1,146.1,146.1,87830000.0
2022-10-05,146.4,146.4,146.4,146.4,79470000.0
2022-10-06,145.43,145.43,145.43,145.43,68400000.0
2022-10-07,140.09,140.09,140.09,140.09,85930000.0
2022-10-10,140.42,140.42,140.42,140.42,74900000.0
2022-10-11,138.98,138.98,138.98,138.98,77030000.0
2022-10-12,138.34,138.34,138.34,138.34,70430000.0
2022-10-13,142.99,142.99,142.99,142.99,113220000.0
2022-10-14,138.38,138.38,138.38,138.38,88600000.0
2022-10-17,142.41,142.41,142.41,142.41,85250000.0
2022-10-18,143.75,143.75,143.75,143.75,99140000.0
2022-10-19,143.86,143.86,143.86,143.86,61760000.0
2022-10-20,143.39,143.39,143.39,143.39,64520000.0
2022-10-21,147.27,147.27,147.27,147.27,86550000.0
2022-10-24,149.45,149.45,149.45,149.45,75980000.0
2022-10-25,152.34,152.34,152.34,152.34,74730000.0
2022-10-26,149.35,149.35,149.35,149.35,88440000.0
2022-10-27,144.8,144.8,144.8,144.8,109180000.0
2022-10-28,155.74,155.74,155.74,155.74,164760000.0
2022-10-31,153.34,153.34,153.34,153.34,97940000.0
2022-11-01,150.65,150.65,150.65,150.65,80380000.0
2022-11-02,145.03,145.03,145.03,145.03,93610000.0
2022-11-03,138.88,138.88,138.88,138.88,97920000.0
2022-11-04,138.38,138.38,138.38,138.38,140820000.0
2022-11-07,138.92,138.92,138.92,138.92,83380000.0
2022-11-08,139.5,139.5,139.5,139.5,89910000.0
2022-11-09,134.87,134.87,134.87,134.87,74920000.0
2022-11-10,146.87,146.87,146.87,146.87,118850000.0
2022-11-11,149.7,149.7,149.7,149.7,93980000.0
2022-11-14,148.28,148.28,148.28,148.28,73370000.0
2022-11-15,150.04,150.04,150.04,150.04,89870000.0
2022-11-16,148.79,148.79,148.79,148.79,64220000.0
2022-11-17,150.72,150.72,150.72,150.72,80390000.0
2022-11-18,151.29,151.29,151.29,151.29,74830000.0
2022-11-21,148.01,148.01,148.01,148.01,58720000.0
2022-11-22,150.18,150.18,150.18,150.18,51800000.0
2022-11-23,151.07,151.07,151.07,151.07,58300000.0
2022-11-25,148.11,148.11,148.11,148.11,35200000.0
2022-11-28,144.22,144.22,144.22,144.22,69350000.0
2022-11-29,141.17,141.17,141.17,141.17,83760000.0
2022-11-30,148.03,148.03,148.03,148.03,111380000.0
2022-12-01,148.31,148.31,148.31,148.31,71250000.0
2022-12-02,147.81,147.81,147.81,147.81,65450000.0
2022-12-05,146.63,146.63,146.63,146.63,68390000.0
2022-12-06,142.91,142.91,142.91,142.91,64520000.0
2022-12-07,140.94,140.94,140.94,140.94,69510000.0
2022-12-08,142.65,142.65,142.65,142.65,61910000.0
2022-12-09,142.16,142.16,142.16,142.16,76100000.0
2022-12-12,144.49,144.49,144.49,144.49,70310000.0
2022-12-13,145.47,145.47,145.47,145.47,93730000.0
2022-12-14,143.21,143.21,143.21,143.21,82290000.0
2022-12-15,136.5,136.5,136.5,136.5,97250000.0
2022-12-16,134.51,134.51,134.51,134.51,160160000.0
2022-12-19,132.37,132.37,132.37,132.37,79150000.0
2022-12-20,132.3,132.3,132.3,132.3,77080000.0
2022-12-21,135.45,135.45,135.45,135.45,85750000.0
2022-12-22,132.23,132.23,132.23,132.23,77590000.0
2022-12-23,131.86,131.86,131.86,131.86,63820000.0
2022-12-27,130.03,130.03,130.03,130.03,68750000.0
2022-12-28,126.04,126.04,126.04,126.04,84900000.0
2022-12-29,129.61,129.61,129.61,129.61,75480000.0
2022-12-30,129.93,129.93,129.93,129.93,77030000.0
2023-01-03,125.07,125.07,125.07,125.07,111680000.0
2023-01-04,126.36,126.36,126.36,126.36,88460000.0
2023-01-05,125.02,125.02,125.02,125.02,79970000.0
2023-01-06,129.62,129.62,129.62,129.62,87760000.0
2023-01-09,130.15,130.15,130.15,130.15,70500000.0
2023-01-10,130.73,130.73,130.73,130.73,63430000.0
2023-01-11,133.49,133.49,133.49,133.49,69120000.0
2023-01-12,133.41,133.41,133.41,133.41,71250000.0
2023-01-13,134.76,134.76,134.76,134.76,57810000.0
2023-01-17,135.94,135.94,135.94,135.94,63420000.0
2023-01-18,135.21,135.21,135.21,135.21,69670000.0
2023-01-19,135.27,135.27,135.27,135.27,58070000.0
2023-01-20,137.87,137.87,137.87,137.87,80220000.0
2023-01-23,141.11,141.11,141.11,141.11,81570000.0
2023-01-24,142.53,142.53,142.53,142.53,63710000.0
2023-01-25,141.86,141.86,141.86,141.86,64690000.0
2023-01-26,143.96,143.96,143.96,143.96,53650000.0
2023-01-27,145.93,145.93,145.93,145.93,70560000.0
2023-01-30,143.0,143.0,143.0,143.0,62980000.0
2023-01-31,144.29,144.29,144.29,144.29,65870000.0
2023-02-01,145.43,145.43,145.43,145.43,76770000.0
2023-02-02,150.82,150.82,150.82,150.82,104480000.0
2023-02-03,154.5,154.5,154.5,154.5,154360000.0
2023-02-06,151.73,151.73,151.73,151.73,68020000.0
2023-02-07,154.65,154.65,154.65,154.65,83030000.0
2023-02-08,151.92,151.92,151.92,151.92,63470000.0
2023-02-09,150.87,150.87,150.87,150.87,54900000.0
2023-02-10,151.01,151.01,151.01,151.01,57450000.0
2023-02-13,153.85,153.85,153.85,153.85,61860000.0
2023-02-14,153.2,153.2,153.2,153.2,61710000.0
2023-02-15,155.33,155.33,155.33,155.33,65470000.0
2023-02-16,153.71,153.71,153.71,153.71,66840000.0
2023-02-17,152.55,152.55,152.55,152.55,59140000.0
2023-02-21,148.48,148.48,148.48,148.48,58870000.0
2023-02-22,148.91,148.91,148.91,148.91,51010000.0
2023-02-23,149.4,149.4,149.4,149.4,48390000.0
2023-02-24,146.71,146.71,146.71,146.71,55470000.0
2023-02-27,147.92,147.92,147.92,147.92,45000000.0
2023-02-28,147.41,147.41,147.41,147.41,50550000.0
2023-03-01,145.31,145.31,145.31,145.31,55220000.0
2023-03-02,145.91,145.91,145.91,145.91,52090000.0
2023-03-03,151.03,151.03,151.03,151.03,70500000.0
2023-03-06,153.83,153.83,153.83,153.83,87560000.0
2023-03-07,151.6,151.6,151.6,151.6,56180000.0
2023-03-08,152.87,152.87,152.87,152.87,47200000.0
2023-03-09,150.59,150.59,150.59,150.59,53450000.0
2023-03-10,148.5,148.5,148.5,148.5,68570000.0
2023-03-13,150.47,150.47,150.47,150.47,84460000.0
2023-03-14,152.59,152.59,152.59,152.59,73370000.0
2023-03-15,152.99,152.99,152.99,152.99,75960000.0
2023-03-16,155.85,155.85,155.85,155.85,76020000.0
2023-03-17,155.0,155.0,155.0,155.0,98940000.0
2023-03-20,157.4,157.4,157.4,157.4,73470000.0
2023-03-21,159.28,159.28,159.28,159.28,73760000.0
2023-03-22,157.83,157.83,157.83,157.83,69170000.0
2023-03-23,158.93,158.93,158.93,158.93,67220000.0
2023-03-24,160.25,160.25,160.25,160.25,59260000.0
2023-03-27,158.28,158.28,158.28,158.28,50420000.0
2023-03-28,157.65,157.65,157.65,157.65,45580000.0
2023-03-29,160.77,160.77,160.77,160.77,51310000.0
2023-03-30,162.36,162.36,162.36,162.36,46810000.0
2023-03-31,164.9,164.9,164.9,164.9,68750000.0
2023-04-03,166.17,166.17,166.17,166.17,54970000.0
2023-04-04,165.63,165.63,165.63,165.63,44430000.0
2023-04-05,163.76,163.76,163.76,163.76,51300000.0
2023-04-06,164.66,164.66,164.66,164.66,45390000.0
2023-04-10,162.03,162.03,162.03,162.03,47030000.0
2023-04-11,160.8,160.8,160.8,160.8,46310000.0
2023-04-12,160.1,160.1,160.1,160.1,49400000.0
2023-04-13,165.56,165.56,165.56,165.56,67160000.0
2023-04-14,165.21,165.21,165.21,165.21,49390000.0
2023-04-17,165.23,165.23,165.23,165.23,41520000.0
2023-04-18,166.47,166.47,166.47,166.47,48410000.0
2023-04-19,167.63,167.63,167.63,167.63,47240000.0
2023-04-20,166.65,166.65,166.65,166.65,52460000.0
2023-04-21,165.02,165.02,165.02,165.02,58340000.0
2023-04-24,165.33,165.33,165.33,165.33,38990000.0
2023-04-25,163.77,163.77,163.77,163.77,48170000.0
2023-04-26,163.76,163.76,163.76,163.76,44110000.0
2023-04-27,168.41,168.41,168.41,168.41,64220000.0
2023-04-28,169.68,169.68,169.68,169.68,55280000.0
2023-05-01,169.59,169.59,169.59,169.59,49390000.0
2023-05-02,168.54,168.54,168.54,168.54,48430000.0
2023-05-03,167.45,167.45,167.45,167.45,59440000.0
2023-05-04,165.79,165.79,165.79,165.79,70380000.0
2023-05-05,173.57,173.57,173.57,173.57,113450000.0
2023-05-08,173.5,173.5,173.5,173.5,55960000.0
2023-05-09,171.77,171.77,171.77,171.77,45330000.0
2023-05-10,173.55,173.55,173.55,173.55,53720000.0
2023-05-11,173.75,173.75,173.75,173.75,49510000.0
2023-05-12,172.57,172.57,172.57,172.57,45530000.0
2023-05-15,172.07,172.07,172.07,172.07,37180000.0
2023-05-16,172.07,172.07,172.07,172.07,42110000.0
2023-05-17,172.69,172.69,172.69,172.69,57950000.0
2023-05-18,175.05,175.05,175.05,175.05,65090000.0
2023-05-19,175.16,175.16,175.16,175.16,52680000.0
2023-05-22,174.2,174.2,174.2,174.2,43310000.0
2023-05-23,171.56,171.56,171.56,171.56,49180000.0
2023-05-24,171.84,171.84,171.84,171.84,43490000.0
2023-05-25,172.99,172.99,172.99,172.99,55920000.0
2023-05-26,175.43,175.43,175.43,175.43,54830000.0
2023-05-30,177.3,177.3,177.3,177.3,55770000.0
2023-05-31,177.25,177.25,177.25,177.25,99310000.0
2023-06-01,180.09,180.09,180.09,180.09,65300000.0
2023-06-02,180.95,180.95,180.95,180.95,62000000.0
2023-06-05,179.58,179.58,179.58,179.58,121320000.0
2023-06-06,179.21,179.21,179.21,179.21,64340000.0
2023-06-07,177.82,177.82,177.82,177.82,61940000.0
2023-06-08,180.57,180.57,180.57,180.57,50210000.0
2023-06-09,180.96,180.96,180.96,180.96,48900000.0
2023-06-12,183.79,183.79,183.79,183.79,53570000.0
2023-06-13,183.31,183.31,183.31,183.31,54650000.0
2023-06-14,183.95,183.95,183.95,183.95,56520000.0
2023-06-15,186.01,186.01,186.01,186.01,65280000.0
2023-06-16,184.92,184.92,184.92,184.92,101260000.0
2023-06-20,185.01,185.01,185.01,185.01,48960000.0
2023-06-21,183.96,183.96,183.96,183.96,49360000.0
2023-06-22,187.0,187.0,187.0,187.0,50840000.0
2023-06-23,186.68,186.68,186.68,186.68,53120000.0
2023-06-26,185.27,185.27,185.27,185.27,47500000.0
2023-06-27,188.06,188.06,188.06,188.06,49730000.0
2023-06-28,189.25,189.25,189.25,189.25,50900000.0
2023-06-29,189.59,189.59,189.59,189.59,45450000.0
2023-06-30,193.97,193.97,193.97,193.97,85210000.0
2023-07-03,192.46,192.46,192.46,192.46,31460000.0
2023-07-05,191.33,191.33,191.33,191.33,46590000.0
2023-07-06,191.81,191.81,191.81,191.81,45000000.0
2023-07-07,190.68,190.68,190.68,190.68,46820000.0
2023-07-10,188.61,188.61,188.61,188.61,59100000.0
2023-07-11,188.08,188.08,188.08,188.08,46420000.0
2023-07-12,189.77,189.77,189.77,189.77,59770000.0
2023-07-13,190.54,190.54,190.54,190.54,41340000.0
2023-07-14,190.69,190.69,190.69,190.69,41620000.0
2023-07-17,193.99,193.99,193.99,193.99,49840000.0
2023-07-18,193.73,193.73,193.73,193.73,48200000.0
2023-07-19,195.1,195.1,195.1,195.1,80510000.0
2023-07-20,193.13,193.13,193.13,193.13,59580000.0
2023-07-21,191.94,191.94,191.94,191.94,71950000.0
2023-07-24,192.75,192.75,192.75,192.75,44860000.0
2023-07-25,193.62,193.62,193.62,193.62,37280000.0
2023-07-26,194.5,194.5,194.5,194.5,47470000.0
2023-07-27,193.22,193.22,193.22,193.22,47460000.0
2023-07-28,195.83,195.83,195.83,195.83,48290000.0
2023-07-31,196.45,196.45,196.45,196.45,38590000.0
2023-08-01,195.6,195.6,195.6,195.6,34730000.0
2023-08-02,192.58,192.58,192.58,192.58,48900000.0
2023-08-03,191.17,191.17,191.17,191.17,52600000.0
2023-08-04,181.99,181.99,181.99,181.99,115960000.0
2023-08-07,178.85,178.85,178.85,178.85,97580000.0
2023-08-08,179.8,179.8,179.8,179.8,67600000.0
2023-08-09,178.19,178.19,178.19,178.19,57800000.0
2023-08-10,177.97,177.97,177.97,177.97,52600000.0
2023-08-11,177.79,177.79,177.79,177.79,52040000.0
2023-08-14,179.46,179.46,179.46,179.46,43680000.0
2023-08-15,177.45,177.45,177.45,177.45,43370000.0
2023-08-16,176.57,176.57,176.57,176.57,45600000.0
2023-08-17,174.0,174.0,174.0,174.0,61250000.0
2023-08-18,174.49,174.49,174.49,174.49,61170000.0
2023-08-21,175.84,175.84,175.84,175.84,44990000.0
2023-08-22,177.23,177.23,177.23,177.23,41380000.0
2023-08-23,181.12,181.12,181.12,181.12,51470000.0
2023-08-24,176.38,176.38,176.38,176.38,53220000.0
2023-08-25,178.61,178.61,178.61,178.61,51450000.0
2023-08-28,180.19,180.19,180.19,180.19,42710000.0
2023-08-29,184.12,184.12,184.12,184.12,52360000.0
2023-08-30,187.65,187.65,187.65,187.65,60590000.0
2023-08-31,187.87,187.87,187.87,187.87,60210000.0
2023-09-01,189.46,189.46,189.46,189.46,45770000.0
2023-09-05,189.7,189.7,189.7,189.7,44730000.0
2023-09-06,182.91,182.91,182.91,182.91,81160000.0
2023-09-07,177.56,177.56,177.56,177.56,111940000.0
2023-09-08,178.18,178.18,178.18,178.18,65600000.0
2023-09-11,179.36,179.36,179.36,179.36,58330000.0
2023-09-12,176.3,176.3,176.3,176.3,89920000.0
2023-09-13,174.21,174.21,174.21,174.21,83450000.0
2023-09-14,175.74,175.74,175.74,175.74,59630000.0
2023-09-15,175.01,175.01,175.01,175.01,109260000.0
2023-09-18,177.97,177.97,177.97,177.97,65110000.0
2023-09-19,179.07,179.07,179.07,179.07,50490000.0
2023-09-20,175.49,175.49,175.49,175.49,55690000.0
2023-09-21,173.93,173.93,173.93,173.93,61710000.0
2023-09-22,174.79,174.79,174.79,174.79,56730000.0
2023-09-25,176.08,176.08,176.08,176.08,45990000.0
2023-09-26,171.96,171.96,171.96,171.96,64230000.0
2023-09-27,170.43,170.43,170.43,170.43,66500000.0
2023-09-28,170.69,170.69,170.69,170.69,56140000.0
2023-09-29,171.21,171.21,171.21,171.21,51860000.0
2023-10-02,173.75,173.75,173.75,173.75,52160000.0
2023-10-03,172.4,172.4,172.4,172.4,49040000.0
2023-10-04,173.66,173.66,173.66,173.66,52740000.0
2023-10-05,174.91,174.91,174.91,174.91,48380000.0
2023-10-06,177.49,177.49,177.49,177.49,57270000.0
2023-10-09,178.99,178.99,178.99,178.99,42390000.0
2023-10-10,178.39,178.39,178.39,178.39,43650000.0
2023-10-11,179.8,179.8,179.8,179.8,47040000.0
2023-10-12,180.71,180.71,180.71,180.71,56550000.0
2023-10-13,178.85,178.85,178.85,178.85,51460000.0
2023-10-16,178.72,178.72,178.72,178.72,52170000.0
2023-10-17,177.15,177.15,177.15,177.15,57420000.0
2023-10-18,175.84,175.84,175.84,175.84,54490000.0
2023-10-19,175.46,175.46,175.46,175.46,57620000.0
2023-10-20,172.88,172.88,172.88,172.88,64240000.0
2023-10-23,173.0,173.0,173.0,173.0,55240000.0
2023-10-24,173.44,173.44,173.44,173.44,43580000.0
2023-10-25,171.1,171.1,171.1,171.1,56600000.0
2023-10-26,166.89,166.89,166.89,166.89,69450000.0
2023-10-27,168.22,168.22,168.22,168.22,58500000.0
2023-10-30,170.29,170.29,170.29,170.29,50470000.0
2023-10-31,170.77,170.77,170.77,170.77,43520000.0
2023-11-01,173.97,173.97,173.97,173.97,56930000.0
2023-11-02,177.57,177.57,177.57,177.57,67020000.0
2023-11-03,176.65,176.65,176.65,176.65,79830000.0
2023-11-06,179.23,179.23,179.23,179.23,63650000.0
2023-11-07,181.82,181.82,181.82,181.82,70210000.0
2023-11-08,182.89,182.89,182.89,182.89,49180000.0
2023-11-09,182.41,182.41,182.41,182.41,52450000.0
2023-11-10,186.4,186.4,186.4,186.4,66180000.0
2023-11-13,184.8,184.8,184.8,184.8,41970000.0
2023-11-14,187.44,187.44,187.44,187.44,59710000.0
2023-11-15,188.01,188.01,188.01,188.01,53230000.0
2023-11-16,189.71,189.71,189.71,189.71,53990000.0
2023-11-17,189.69,189.69,189.69,189.69,50940000.0
2023-11-20,191.45,191.45,191.45,191.45,46540000.0
2023-11-21,190.64,190.64,190.64,190.64,38130000.0
2023-11-22,191.31,191.31,191.31,191.31,39630000.0
2023-11-24,189.97,189.97,189.97,189.97,24040000.0
2023-11-27,189.79,189.79,189.79,189.79,40400000.0
2023-11-28,190.4,190.4,190.4,190.4,37790000.0
2023-11-29,189.37,189.37,189.37,189.37,37940000.0
2023-11-30,189.95,189.95,189.95,189.95,47990000.0
2023-12-01,191.24,191.24,191.24,191.24,45700000.0
2023-12-04,189.43,189.43,189.43,189.43,43070000.0
2023-12-05,193.42,193.42,193.42,193.42,65350000.0
2023-12-06,192.32,192.32,192.32,192.32,40900000.0
2023-12-07,194.27,194.27,194.27,194.27,47340000.0
2023-12-08,195.71,195.71,195.71,195.71,53410000.0
2023-12-11,193.18,193.18,193.18,193.18,60780000.0
2023-12-12,194.71,194.71,194.71,194.71,51290000.0
2023-12-13,197.96,197.96,197.96,197.96,67760000.0
2023-12-14,198.11,198.11,198.11,198.11,65960000.0
2023-12-15,197.57,197.57,197.57,197.57,128540000.0
2023-12-18,195.89,195.89,195.89,195.89,55750000.0
2023-12-19,196.94,196.94,196.94,196.94,40230000.0
2023-12-20,194.83,194.83,194.83,194.83,50130000.0
2023-12-21,194.68,194.68,194.68,194.68,44080000.0
2023-12-22,193.6,193.6,193.6,193.6,37150000.0
2023-12-26,193.05,193.05,193.05,193.05,28810000.0
2023-12-27,193.15,193.15,193.15,193.15,47900000.0
2023-12-28,193.58,193.58,193.58,193.58,33830000.0
2023-12-29,192.53,192.53,192.53,192.53,42670000.0
2024-01-02,185.64,185.64,185.64,185.64,79820000.0
2024-01-03,184.25,184.25,184.25,184.25,56440000.0
2024-01-04,181.91,181.91,181.91,181.91,70700000.0
2024-01-05,181.18,181.18,181.18,181.18,62380000.0
2024-01-08,185.56,185.56,185.56,185.56,59140000.0
2024-01-09,185.14,185.14,185.14,185.14,42840000.0
2024-01-10,186.19,186.19,186.19,186.19,45900000.0
2024-01-11,185.59,185.59,185.59,185.59,49130000.0
2024-01-12,185.92,185.92,185.92,185.92,40480000.0
2024-01-16,183.63,183.63,183.63,183.63,65440000.0
2024-01-17,182.68,182.68,182.68,182.68,47190000.0
2024-01-18,188.63,188.63,188.63,188.63,77400000.0
2024-01-19,191.56,191.56,191.56,191.56,68900000.0
2024-01-22,193.89,193.89,193.89,193.89,60130000.0
2024-01-23,195.18,195.18,195.18,195.18,42200000.0
2024-01-24,194.5,194.5,194.5,194.5,53460000.0
2024-01-25,194.17,194.17,194.17,194.17,54530000.0
2024-01-26,192.42,192.42,192.42,192.42,44590000.0
2024-01-29,191.73,191.73,191.73,191.73,46890000.0
2024-01-30,188.04,188.04,188.04,188.04,55270000.0
2024-01-31,184.4,184.4,184.4,184.4,54830000.0
2024-02-01,186.86,186.86,186.86,186.86,53490000.0
2024-02-02,185.85,185.85,185.85,185.85,102550000.0
